{
  "target_far": 0.01,
  "tau_live": 0.677080120909551,
  "screen_fft_max": 0.768654719988505,
  "dup_rate_max": 0.04310578661844473,
  "Q_rppg_min": 0.008191787217299821,
  "snr_db_min": 6.57228725608876,
  "corr_lr_min": -0.36775507422043485,
  "P_motion_strong": 0.5963325048083233,
  "P_static_strong": 0.9210579871199936,
  "P_rppg_strong": 0.1115498322912166,
  "gray_low": 0.488281171231288
}